Source,eType,Target,Time,Weight,SourceLocation,TargetLocation,SourceLatitude,SourceLongitude,TargetLatitude,TargetLongitude
421935,6,419458,86400,2,1,2,-29,-13,-22,91
421111,6,439264,86400,-1,1,4,-29,-13,1,-165
412963,6,445128,86400,0,4,3,1,-165,-25,-111
442549,6,440854,86400,4,3,5,-25,-111,22,156
453538,6,431101,86400,-1,4,0,1,-165,33,-41
434141,6,445128,86400,3,4,3,1,-165,-25,-111
452130,6,439264,86400,-1,3,4,-25,-111,1,-165
419518,6,439264,86400,-1,3,4,-25,-111,1,-165
421980,6,428519,86400,2,2,1,-22,91,-29,-13
418239,6,431101,86400,-1,2,0,-22,91,33,-41
416596,6,439264,86400,3,5,4,22,156,1,-165
455862,6,440854,86400,-1,2,5,-22,91,22,156
418585,6,431101,86400,-1,3,0,-25,-111,33,-41
452809,6,445128,86400,1,2,3,-22,91,-25,-111
446978,6,419458,86400,-1,3,2,-25,-111,-22,91
449670,6,440854,86400,-1,1,5,-29,-13,22,156
441913,6,445128,86400,1,5,3,22,156,-25,-111
435449,6,439264,86400,-1,3,4,-25,-111,1,-165
425937,6,428519,86400,3,3,1,-25,-111,-29,-13
420852,6,439264,86400,-1,3,4,-25,-111,1,-165
449725,6,419458,86400,-1,1,2,-29,-13,-22,91
419829,6,419458,86400,4,4,2,1,-165,-22,91
409667,6,428519,86400,2,2,1,-22,91,-29,-13
423135,6,428519,86400,4,0,1,33,-41,-29,-13
444409,6,419458,86400,-1,1,2,-29,-13,-22,91
430517,6,439264,86400,-1,2,4,-22,91,1,-165
433091,6,419458,86400,5,4,2,1,-165,-22,91
420808,6,431101,86400,-1,3,0,-25,-111,33,-41
441864,6,439264,86400,-1,1,4,-29,-13,1,-165
414076,6,428519,86400,-1,0,1,33,-41,-29,-13
428229,6,431101,86400,5,3,0,-25,-111,33,-41
427149,6,419458,86400,6,0,2,33,-41,-22,91
453118,6,428519,86400,3,5,1,22,156,-29,-13
448237,6,431101,86400,2,2,0,-22,91,33,-41
431343,6,440854,86400,-1,0,5,33,-41,22,156
456346,6,419458,86400,4,4,2,1,-165,-22,91
449365,6,440854,86400,-1,1,5,-29,-13,22,156
438070,6,439264,86400,-1,3,4,-25,-111,1,-165
406898,6,431101,86400,-1,0,0,33,-41,33,-41
435240,6,445128,86400,3,5,3,22,156,-25,-111
435743,6,431101,86400,-1,4,0,1,-165,33,-41
447448,6,428519,86400,0,5,1,22,156,-29,-13
436354,6,440854,86400,2,0,5,33,-41,22,156
436449,6,419458,86400,0,3,2,-25,-111,-22,91
452146,6,440854,86400,2,3,5,-25,-111,22,156
440702,6,445128,86400,1,0,3,33,-41,-25,-111
432691,6,439264,86400,2,3,4,-25,-111,1,-165
438129,6,431101,86400,-1,0,0,33,-41,33,-41
450072,6,445128,86400,6,4,3,1,-165,-25,-111
434674,6,440854,86400,2,4,5,1,-165,22,156
421275,6,445128,86400,1,1,3,-29,-13,-25,-111
415866,6,439264,86400,-1,2,4,-22,91,1,-165
444864,6,428519,86400,3,4,1,1,-165,-29,-13
450541,6,431101,86400,-1,1,0,-29,-13,33,-41
421806,6,428519,86400,3,4,1,1,-165,-29,-13
442672,6,419458,86400,2,5,2,22,156,-22,91
438224,6,439264,86400,-1,0,4,33,-41,1,-165
428857,6,439264,86400,-1,2,4,-22,91,1,-165
436403,6,445128,86400,5,1,3,-29,-13,-25,-111
453733,6,440854,86400,-1,0,5,33,-41,22,156
407182,6,428519,86400,1,5,1,22,156,-29,-13
427573,6,431101,86400,2,4,0,1,-165,33,-41
430387,6,431101,86400,1,2,0,-22,91,33,-41
422448,6,419458,86400,1,5,2,22,156,-22,91
453642,6,431101,86400,1,1,0,-29,-13,33,-41
418626,6,419458,86400,1,0,2,33,-41,-22,91
412564,6,419458,86400,-1,0,2,33,-41,-22,91
415725,6,439264,86400,4,1,4,-29,-13,1,-165
417012,6,428519,86400,2,4,1,1,-165,-29,-13
413698,6,445128,86400,1,4,3,1,-165,-25,-111
423337,6,419458,86400,0,4,2,1,-165,-22,91
439666,6,440854,86400,-1,4,5,1,-165,22,156
443001,6,439264,86400,-1,2,4,-22,91,1,-165
419677,6,419458,86400,1,0,2,33,-41,-22,91
413415,6,431101,86400,-1,2,0,-22,91,33,-41
428239,6,431101,86400,-1,5,0,22,156,33,-41
408080,6,439264,86400,3,1,4,-29,-13,1,-165
448042,6,431101,86400,-1,4,0,1,-165,33,-41
422757,6,431101,86400,-1,3,0,-25,-111,33,-41
414038,6,419458,86400,1,3,2,-25,-111,-22,91
435590,6,431101,86400,-1,0,0,33,-41,33,-41
424494,6,431101,86400,-1,0,0,33,-41,33,-41
411320,6,431101,86400,3,1,0,-29,-13,33,-41
417317,6,440854,86400,-1,3,5,-25,-111,22,156
452277,6,431101,86400,-1,0,0,33,-41,33,-41
408738,6,431101,86400,0,4,0,1,-165,33,-41
434806,6,440854,86400,-1,1,5,-29,-13,22,156
439671,6,431101,86400,-1,0,0,33,-41,33,-41
424032,6,419458,86400,2,4,2,1,-165,-22,91
420670,6,431101,86400,2,2,0,-22,91,33,-41
454625,6,419458,86400,1,1,2,-29,-13,-22,91
453119,6,419458,86400,5,1,2,-29,-13,-22,91
440683,6,445128,86400,2,5,3,22,156,-25,-111
406818,6,439264,86400,-1,3,4,-25,-111,1,-165
414687,6,431101,86400,1,4,0,1,-165,33,-41
441398,6,431101,86400,-1,0,0,33,-41,33,-41
411455,6,431101,86400,3,1,0,-29,-13,33,-41
432922,6,445128,86400,-1,4,3,1,-165,-25,-111
420657,6,440854,86400,5,3,5,-25,-111,22,156
422199,6,431101,86400,1,3,0,-25,-111,33,-41
428651,6,428519,86400,3,4,1,1,-165,-29,-13
444366,6,445128,86400,1,1,3,-29,-13,-25,-111
454290,6,428519,86400,-1,5,1,22,156,-29,-13
454111,6,439264,86400,2,1,4,-29,-13,1,-165
421809,6,439264,86400,2,2,4,-22,91,1,-165
424732,6,431101,86400,1,3,0,-25,-111,33,-41
443080,6,445128,86400,3,1,3,-29,-13,-25,-111
416417,6,439264,86400,5,5,4,22,156,1,-165
420043,6,439264,86400,2,3,4,-25,-111,1,-165
444614,6,440854,86400,-1,4,5,1,-165,22,156
441884,6,431101,86400,-1,0,0,33,-41,33,-41
436276,6,428519,86400,7,4,1,1,-165,-29,-13
416280,6,445128,86400,1,0,3,33,-41,-25,-111
426196,6,440854,86400,5,1,5,-29,-13,22,156
428623,6,440854,86400,0,0,5,33,-41,22,156
436507,6,440854,86400,5,4,5,1,-165,22,156
443853,6,431101,86400,0,2,0,-22,91,33,-41
414822,6,445128,86400,0,0,3,33,-41,-25,-111
426295,6,445128,86400,0,0,3,33,-41,-25,-111
446563,6,428519,86400,6,5,1,22,156,-29,-13
449760,6,428519,86400,3,5,1,22,156,-29,-13
450161,6,428519,86400,2,2,1,-22,91,-29,-13
418855,6,419458,86400,4,3,2,-25,-111,-22,91
452087,6,445128,86400,3,5,3,22,156,-25,-111
453086,6,440854,86400,1,1,5,-29,-13,22,156
433542,6,431101,86400,4,4,0,1,-165,33,-41
443448,6,439264,86400,-1,2,4,-22,91,1,-165
444296,6,440854,86400,1,4,5,1,-165,22,156
413337,6,428519,86400,5,5,1,22,156,-29,-13
437328,6,431101,86400,-1,0,0,33,-41,33,-41
430455,6,428519,86400,0,3,1,-25,-111,-29,-13
414887,6,440854,86400,2,1,5,-29,-13,22,156
421350,6,431101,86400,-1,0,0,33,-41,33,-41
431802,6,445128,86400,-1,2,3,-22,91,-25,-111
422803,6,428519,86400,3,2,1,-22,91,-29,-13
411760,6,419458,86400,3,4,2,1,-165,-22,91
446982,6,431101,86400,3,4,0,1,-165,33,-41
415458,6,428519,86400,3,2,1,-22,91,-29,-13
411413,6,428519,86400,5,4,1,1,-165,-29,-13
436362,6,445128,86400,-1,2,3,-22,91,-25,-111
440100,6,440854,86400,3,4,5,1,-165,22,156
434156,6,419458,86400,2,0,2,33,-41,-22,91
424625,6,428519,86400,6,5,1,22,156,-29,-13
425747,6,439264,86400,-1,2,4,-22,91,1,-165
429599,6,419458,86400,3,4,2,1,-165,-22,91
444086,6,440854,86400,3,4,5,1,-165,22,156
419244,6,431101,86400,-1,0,0,33,-41,33,-41
444150,6,440854,86400,2,3,5,-25,-111,22,156
443984,6,419458,86400,3,3,2,-25,-111,-22,91
428304,6,431101,86400,3,2,0,-22,91,33,-41
447645,6,445128,86400,4,5,3,22,156,-25,-111
450067,6,439264,86400,-1,2,4,-22,91,1,-165
456383,6,431101,86400,-1,0,0,33,-41,33,-41
447521,6,428519,86400,2,4,1,1,-165,-29,-13
452222,6,445128,86400,1,4,3,1,-165,-25,-111
430861,6,440854,86400,5,2,5,-22,91,22,156
409537,6,431101,86400,6,3,0,-25,-111,33,-41
438766,6,445128,86400,1,5,3,22,156,-25,-111
441206,6,431101,86400,-1,2,0,-22,91,33,-41
407779,6,431101,86400,-1,0,0,33,-41,33,-41
425331,6,431101,86400,-1,0,0,33,-41,33,-41
455418,6,439264,86400,-1,1,4,-29,-13,1,-165
408733,6,419458,86400,1,4,2,1,-165,-22,91
440187,6,440854,86400,-1,2,5,-22,91,22,156
443184,6,445128,86400,8,4,3,1,-165,-25,-111
443428,6,419458,86400,2,1,2,-29,-13,-22,91
435251,6,439264,86400,-1,1,4,-29,-13,1,-165
416981,6,439264,86400,6,3,4,-25,-111,1,-165
437767,6,431101,86400,-1,5,0,22,156,33,-41
437417,6,445128,86400,2,4,3,1,-165,-25,-111
428738,6,428519,86400,3,2,1,-22,91,-29,-13
414132,6,431101,86400,2,4,0,1,-165,33,-41
436450,6,431101,86400,-1,3,0,-25,-111,33,-41
423867,6,419458,86400,1,4,2,1,-165,-22,91
427987,6,419458,86400,1,4,2,1,-165,-22,91
453680,6,419458,86400,4,4,2,1,-165,-22,91
450593,6,440854,86400,3,1,5,-29,-13,22,156
417292,6,439264,86400,-1,2,4,-22,91,1,-165
417109,6,428519,86400,1,0,1,33,-41,-29,-13
453775,6,439264,86400,-1,3,4,-25,-111,1,-165
449520,6,439264,86400,1,2,4,-22,91,1,-165
414816,6,445128,86400,7,5,3,22,156,-25,-111
424044,6,440854,86400,0,2,5,-22,91,22,156
434979,6,445128,86400,-1,2,3,-22,91,-25,-111
437555,6,440854,86400,5,2,5,-22,91,22,156
430496,6,445128,86400,1,2,3,-22,91,-25,-111
444108,6,431101,86400,2,4,0,1,-165,33,-41
419147,6,431101,86400,-1,1,0,-29,-13,33,-41
444718,6,439264,86400,-1,3,4,-25,-111,1,-165
418899,6,428519,86400,-1,5,1,22,156,-29,-13
421067,6,439264,86400,-1,3,4,-25,-111,1,-165
446146,6,431101,86400,3,4,0,1,-165,33,-41
433841,6,431101,86400,-1,4,0,1,-165,33,-41
424540,6,431101,86400,3,4,0,1,-165,33,-41
425007,6,439264,86400,0,5,4,22,156,1,-165
444936,6,431101,86400,1,1,0,-29,-13,33,-41
414433,6,428519,86400,3,3,1,-25,-111,-29,-13
436747,6,428519,86400,6,5,1,22,156,-29,-13
417427,6,445128,86400,7,5,3,22,156,-25,-111
424885,6,428519,86400,8,4,1,1,-165,-29,-13
418978,6,431101,86400,-1,0,0,33,-41,33,-41
418284,6,428519,86400,-1,3,1,-25,-111,-29,-13
427062,6,431101,86400,2,5,0,22,156,33,-41
432389,6,428519,86400,2,2,1,-22,91,-29,-13
429987,6,431101,86400,-1,3,0,-25,-111,33,-41
406636,6,445128,86400,3,2,3,-22,91,-25,-111
436154,6,440854,86400,-1,1,5,-29,-13,22,156
454863,6,440854,86400,2,3,5,-25,-111,22,156
419638,6,431101,86400,2,5,0,22,156,33,-41
412874,6,440854,86400,4,4,5,1,-165,22,156
417372,6,431101,86400,-1,3,0,-25,-111,33,-41
430917,6,445128,86400,4,0,3,33,-41,-25,-111
424887,6,440854,86400,5,3,5,-25,-111,22,156
432693,6,431101,86400,4,4,0,1,-165,33,-41
453046,6,445128,86400,-1,2,3,-22,91,-25,-111
449076,6,445128,86400,1,0,3,33,-41,-25,-111
419165,6,439264,86400,-1,5,4,22,156,1,-165
449170,6,431101,86400,-1,0,0,33,-41,33,-41
429439,6,428519,86400,-1,2,1,-22,91,-29,-13
453546,6,431101,86400,-1,5,0,22,156,33,-41
456573,6,440854,86400,-1,0,5,33,-41,22,156
421001,6,431101,86400,2,3,0,-25,-111,33,-41
456159,6,431101,86400,-1,2,0,-22,91,33,-41
410409,6,439264,86400,-1,3,4,-25,-111,1,-165
415168,6,440854,86400,0,1,5,-29,-13,22,156
422351,6,440854,86400,1,0,5,33,-41,22,156
409172,6,445128,86400,2,5,3,22,156,-25,-111
448942,6,428519,86400,-1,2,1,-22,91,-29,-13
432610,6,440854,86400,2,1,5,-29,-13,22,156
432705,6,445128,86400,5,2,3,-22,91,-25,-111
411742,6,431101,86400,-1,5,0,22,156,33,-41
429912,6,439264,86400,-1,2,4,-22,91,1,-165
445568,6,440854,86400,3,1,5,-29,-13,22,156
449377,6,431101,86400,0,4,0,1,-165,33,-41
436502,6,431101,86400,-1,0,0,33,-41,33,-41
409087,6,440854,86400,1,2,5,-22,91,22,156
426782,6,440854,86400,1,4,5,1,-165,22,156
424178,6,439264,86400,3,1,4,-29,-13,1,-165
415095,6,419458,86400,3,3,2,-25,-111,-22,91
444199,6,419458,86400,5,5,2,22,156,-22,91
409383,6,439264,86400,3,3,4,-25,-111,1,-165
411160,6,445128,86400,0,5,3,22,156,-25,-111
439372,6,431101,86400,-1,1,0,-29,-13,33,-41
416030,6,431101,86400,-1,4,0,1,-165,33,-41
441874,6,431101,86400,3,4,0,1,-165,33,-41
453121,6,439264,86400,-1,1,4,-29,-13,1,-165
434302,6,440854,86400,-1,1,5,-29,-13,22,156
429911,6,428519,86400,4,0,1,33,-41,-29,-13
430050,6,428519,86400,1,5,1,22,156,-29,-13
444695,6,428519,86400,0,2,1,-22,91,-29,-13
447682,6,431101,86400,-1,0,0,33,-41,33,-41
442201,6,419458,86400,2,5,2,22,156,-22,91
410234,6,439264,86400,2,1,4,-29,-13,1,-165
407354,6,439264,86400,-1,2,4,-22,91,1,-165
447927,6,419458,86400,0,4,2,1,-165,-22,91
415956,6,445128,86400,-1,5,3,22,156,-25,-111
452894,6,439264,86400,1,0,4,33,-41,1,-165
434234,6,431101,86400,-1,5,0,22,156,33,-41
447494,6,439264,86400,4,1,4,-29,-13,1,-165
433435,6,428519,86400,2,5,1,22,156,-29,-13
420291,6,428519,86400,-1,2,1,-22,91,-29,-13
443275,6,439264,86400,-1,1,4,-29,-13,1,-165
424403,6,431101,86400,2,1,0,-29,-13,33,-41
430921,6,428519,86400,-1,5,1,22,156,-29,-13
429810,6,419458,86400,5,4,2,1,-165,-22,91
420521,6,439264,86400,1,0,4,33,-41,1,-165
407417,6,440854,86400,5,3,5,-25,-111,22,156
454144,6,440854,86400,3,3,5,-25,-111,22,156
411900,6,419458,86400,3,4,2,1,-165,-22,91
410479,6,428519,86400,2,5,1,22,156,-29,-13
408744,6,431101,86400,-1,1,0,-29,-13,33,-41
415403,6,431101,86400,4,4,0,1,-165,33,-41
422473,6,445128,86400,0,1,3,-29,-13,-25,-111
431112,6,419458,86400,2,4,2,1,-165,-22,91
442731,6,419458,86400,4,4,2,1,-165,-22,91
446828,6,440854,86400,5,2,5,-22,91,22,156
424684,6,445128,86400,4,4,3,1,-165,-25,-111
433702,6,439264,86400,-1,0,4,33,-41,1,-165
431837,6,431101,86400,3,4,0,1,-165,33,-41
445716,6,445128,86400,0,4,3,1,-165,-25,-111
438942,6,445128,86400,3,1,3,-29,-13,-25,-111
410635,6,419458,86400,2,4,2,1,-165,-22,91
421373,6,445128,86400,0,1,3,-29,-13,-25,-111
450864,6,428519,86400,-1,2,1,-22,91,-29,-13
424794,6,431101,86400,-1,5,0,22,156,33,-41
450020,6,431101,86400,-1,0,0,33,-41,33,-41
412462,6,431101,86400,0,3,0,-25,-111,33,-41
428574,6,428519,86400,8,4,1,1,-165,-29,-13
432084,6,419458,86400,1,3,2,-25,-111,-22,91
416987,6,431101,86400,-1,0,0,33,-41,33,-41
454861,6,445128,86400,-1,0,3,33,-41,-25,-111
429437,6,431101,86400,-1,0,0,33,-41,33,-41
410926,6,419458,86400,-1,3,2,-25,-111,-22,91
408142,6,419458,86400,3,4,2,1,-165,-22,91
452765,6,431101,86400,-1,0,0,33,-41,33,-41
445879,6,445128,86400,-1,2,3,-22,91,-25,-111
435706,6,439264,86400,-1,3,4,-25,-111,1,-165
419181,6,439264,86400,3,3,4,-25,-111,1,-165
416058,6,445128,86400,-1,4,3,1,-165,-25,-111
441053,6,445128,86400,0,4,3,1,-165,-25,-111
448456,6,428519,86400,3,0,1,33,-41,-29,-13
448055,6,431101,86400,-1,0,0,33,-41,33,-41
409167,6,445128,86400,4,0,3,33,-41,-25,-111
427886,6,445128,86400,0,4,3,1,-165,-25,-111
429504,6,431101,86400,4,4,0,1,-165,33,-41
428072,6,431101,86400,2,4,0,1,-165,33,-41
446711,6,440854,86400,3,3,5,-25,-111,22,156
425120,6,445128,86400,-1,1,3,-29,-13,-25,-111
408852,6,428519,86400,1,4,1,1,-165,-29,-13
438584,6,439264,86400,-1,3,4,-25,-111,1,-165
413395,6,439264,86400,-1,2,4,-22,91,1,-165
455231,6,428519,86400,2,3,1,-25,-111,-29,-13
442282,6,431101,86400,4,4,0,1,-165,33,-41
436045,6,439264,86400,6,5,4,22,156,1,-165
426876,6,431101,86400,-1,0,0,33,-41,33,-41
437818,6,440854,86400,4,1,5,-29,-13,22,156
412721,6,431101,86400,-1,0,0,33,-41,33,-41
419880,6,431101,86400,2,0,0,33,-41,33,-41
445290,6,431101,86400,0,3,0,-25,-111,33,-41
411582,6,439264,86400,-1,5,4,22,156,1,-165
408587,6,428519,86400,3,4,1,1,-165,-29,-13
426762,6,431101,86400,1,4,0,1,-165,33,-41
412517,6,428519,86400,2,3,1,-25,-111,-29,-13
411816,6,431101,86400,-1,2,0,-22,91,33,-41
417899,6,431101,86400,-1,0,0,33,-41,33,-41
443978,6,431101,86400,-1,0,0,33,-41,33,-41
434546,6,428519,86400,2,5,1,22,156,-29,-13
423046,6,445128,86400,-1,0,3,33,-41,-25,-111
429629,6,445128,86400,4,1,3,-29,-13,-25,-111
429693,6,439264,86400,-1,0,4,33,-41,1,-165
446193,6,419458,86400,5,4,2,1,-165,-22,91
420332,6,439264,86400,-1,1,4,-29,-13,1,-165
441972,6,428519,86400,3,0,1,33,-41,-29,-13
453307,6,431101,86400,-1,2,0,-22,91,33,-41
409560,6,428519,86400,4,5,1,22,156,-29,-13
438436,6,431101,86400,3,2,0,-22,91,33,-41
420973,6,440854,86400,4,1,5,-29,-13,22,156
410109,6,440854,86400,1,3,5,-25,-111,22,156
429538,6,431101,86400,-1,4,0,1,-165,33,-41
420818,6,440854,86400,-1,4,5,1,-165,22,156
437848,6,431101,86400,-1,5,0,22,156,33,-41
448469,6,431101,86400,-1,0,0,33,-41,33,-41
423438,6,439264,86400,2,3,4,-25,-111,1,-165
422830,6,445128,86400,1,4,3,1,-165,-25,-111
426271,6,439264,86400,6,0,4,33,-41,1,-165
428000,6,440854,86400,-1,0,5,33,-41,22,156
453668,6,419458,86400,3,0,2,33,-41,-22,91
414856,6,431101,86400,2,1,0,-29,-13,33,-41
421880,6,445128,86400,-1,0,3,33,-41,-25,-111
419039,6,439264,86400,-1,2,4,-22,91,1,-165
435038,6,428519,86400,3,4,1,1,-165,-29,-13
421352,6,439264,86400,2,0,4,33,-41,1,-165
450932,6,439264,86400,-1,3,4,-25,-111,1,-165
447853,6,419458,86400,-1,0,2,33,-41,-22,91
420946,6,419458,86400,4,3,2,-25,-111,-22,91
420072,6,431101,86400,-1,4,0,1,-165,33,-41
425744,6,439264,86400,2,5,4,22,156,1,-165
407191,6,440854,86400,3,2,5,-22,91,22,156
438262,6,445128,86400,1,4,3,1,-165,-25,-111
410665,6,445128,86400,0,4,3,1,-165,-25,-111
408947,6,431101,86400,0,3,0,-25,-111,33,-41
427717,6,431101,86400,2,4,0,1,-165,33,-41
410505,6,440854,86400,2,2,5,-22,91,22,156
416946,6,439264,86400,-1,3,4,-25,-111,1,-165
451024,6,439264,86400,2,2,4,-22,91,1,-165
411936,6,439264,86400,5,1,4,-29,-13,1,-165
440465,6,431101,86400,1,2,0,-22,91,33,-41
453525,6,440854,86400,8,4,5,1,-165,22,156
449573,6,419458,86400,1,4,2,1,-165,-22,91
426513,6,419458,86400,0,4,2,1,-165,-22,91
408583,6,431101,86400,3,5,0,22,156,33,-41
436223,6,445128,86400,4,4,3,1,-165,-25,-111
431221,6,431101,86400,0,4,0,1,-165,33,-41
433641,6,431101,86400,-1,0,0,33,-41,33,-41
450844,6,428519,86400,-1,0,1,33,-41,-29,-13
417759,6,428519,86400,1,3,1,-25,-111,-29,-13
424818,6,431101,86400,-1,4,0,1,-165,33,-41
414532,6,440854,86400,-1,3,5,-25,-111,22,156
442962,6,431101,86400,-1,2,0,-22,91,33,-41
430131,6,439264,86400,0,1,4,-29,-13,1,-165
414169,6,439264,86400,-1,2,4,-22,91,1,-165
440298,6,419458,86400,0,0,2,33,-41,-22,91
412959,6,439264,86400,0,3,4,-25,-111,1,-165
449716,6,440854,86400,1,4,5,1,-165,22,156
433278,6,431101,86400,5,2,0,-22,91,33,-41
442388,6,440854,86400,0,4,5,1,-165,22,156
442045,6,440854,86400,-1,2,5,-22,91,22,156
439642,6,431101,86400,-1,0,0,33,-41,33,-41
425458,6,431101,86400,-1,0,0,33,-41,33,-41
412162,6,440854,86400,3,4,5,1,-165,22,156
438780,6,445128,86400,6,2,3,-22,91,-25,-111
424200,6,428519,86400,2,2,1,-22,91,-29,-13
446796,6,439264,86400,0,5,4,22,156,1,-165
417516,6,431101,86400,0,4,0,1,-165,33,-41
448552,6,440854,86400,5,4,5,1,-165,22,156
423566,6,431101,86400,2,2,0,-22,91,33,-41
410164,6,440854,86400,-1,4,5,1,-165,22,156
412648,6,431101,86400,1,3,0,-25,-111,33,-41
450285,6,428519,86400,2,0,1,33,-41,-29,-13
434132,6,419458,86400,1,5,2,22,156,-22,91
410825,6,445128,86400,5,1,3,-29,-13,-25,-111
410290,6,431101,86400,2,5,0,22,156,33,-41
406711,6,419458,86400,-1,1,2,-29,-13,-22,91
437557,6,428519,86400,3,2,1,-22,91,-29,-13
425380,6,439264,86400,-1,5,4,22,156,1,-165
436266,6,431101,86400,1,2,0,-22,91,33,-41
456348,6,428519,86400,0,5,1,22,156,-29,-13
439933,6,431101,86400,-1,0,0,33,-41,33,-41
432688,6,419458,86400,-1,4,2,1,-165,-22,91
416347,6,445128,86400,0,0,3,33,-41,-25,-111
431496,6,419458,86400,2,4,2,1,-165,-22,91
442811,6,439264,86400,-1,2,4,-22,91,1,-165
426134,6,431101,86400,-1,0,0,33,-41,33,-41
411391,6,431101,86400,9,0,0,33,-41,33,-41
441084,6,419458,86400,-1,4,2,1,-165,-22,91
455948,6,440854,86400,3,2,5,-22,91,22,156
433040,6,431101,86400,-1,3,0,-25,-111,33,-41
454322,6,431101,86400,5,4,0,1,-165,33,-41
450774,6,445128,86400,-1,1,3,-29,-13,-25,-111
424882,6,431101,86400,2,0,0,33,-41,33,-41
418535,6,439264,86400,-1,5,4,22,156,1,-165
424560,6,439264,86400,-1,0,4,33,-41,1,-165
450776,6,440854,86400,5,1,5,-29,-13,22,156
433651,6,431101,86400,-1,0,0,33,-41,33,-41
415962,6,445128,86400,4,1,3,-29,-13,-25,-111
439788,6,419458,86400,5,5,2,22,156,-22,91
417640,6,439264,86400,-1,1,4,-29,-13,1,-165
412466,6,445128,86400,0,4,3,1,-165,-25,-111
430077,6,439264,86400,-1,2,4,-22,91,1,-165
414268,6,431101,86400,4,3,0,-25,-111,33,-41
408422,6,439264,86400,5,5,4,22,156,1,-165
452102,6,439264,86400,3,1,4,-29,-13,1,-165
437019,6,419458,86400,3,0,2,33,-41,-22,91
428297,6,440854,86400,8,2,5,-22,91,22,156
448085,6,419458,86400,1,1,2,-29,-13,-22,91
433733,6,439264,86400,-1,0,4,33,-41,1,-165
420180,6,431101,86400,-1,4,0,1,-165,33,-41
454909,6,445128,86400,2,1,3,-29,-13,-25,-111
454767,6,431101,86400,-1,1,0,-29,-13,33,-41
418205,6,431101,86400,5,5,0,22,156,33,-41
445248,6,440854,86400,5,1,5,-29,-13,22,156
448773,6,428519,86400,-1,0,1,33,-41,-29,-13
430099,6,445128,86400,0,5,3,22,156,-25,-111
415426,6,439264,86400,1,2,4,-22,91,1,-165
442223,6,439264,86400,-1,1,4,-29,-13,1,-165
417913,6,431101,86400,-1,0,0,33,-41,33,-41
450878,6,419458,86400,4,1,2,-29,-13,-22,91
450528,6,445128,86400,-1,2,3,-22,91,-25,-111
407876,6,439264,86400,-1,0,4,33,-41,1,-165
409463,6,431101,86400,-1,3,0,-25,-111,33,-41
447996,6,431101,86400,5,4,0,1,-165,33,-41
409456,6,445128,86400,4,5,3,22,156,-25,-111
412741,6,428519,86400,1,4,1,1,-165,-29,-13
454028,6,439264,86400,-1,0,4,33,-41,1,-165
450382,6,440854,86400,3,4,5,1,-165,22,156
423828,6,439264,86400,2,0,4,33,-41,1,-165
441585,6,439264,86400,6,1,4,-29,-13,1,-165
450310,6,440854,86400,1,0,5,33,-41,22,156
422478,6,419458,86400,0,4,2,1,-165,-22,91
450223,6,428519,86400,3,4,1,1,-165,-29,-13
417615,6,431101,86400,2,1,0,-29,-13,33,-41
431964,6,431101,86400,3,4,0,1,-165,33,-41
417389,6,439264,86400,3,3,4,-25,-111,1,-165
446871,6,445128,86400,-1,4,3,1,-165,-25,-111
436322,6,431101,86400,-1,3,0,-25,-111,33,-41
428892,6,445128,86400,3,2,3,-22,91,-25,-111
449806,6,445128,86400,0,2,3,-22,91,-25,-111
408338,6,445128,86400,2,1,3,-29,-13,-25,-111
452125,6,428519,86400,6,4,1,1,-165,-29,-13
433081,6,419458,86400,0,5,2,22,156,-22,91
450577,6,431101,86400,5,3,0,-25,-111,33,-41
453366,6,440854,86400,3,4,5,1,-165,22,156
409772,6,428519,86400,2,2,1,-22,91,-29,-13
428669,6,445128,86400,4,4,3,1,-165,-25,-111
443346,6,428519,86400,3,5,1,22,156,-29,-13
426699,6,439264,86400,3,0,4,33,-41,1,-165
455706,6,431101,86400,2,4,0,1,-165,33,-41
445607,6,428519,86400,3,4,1,1,-165,-29,-13
436644,6,445128,86400,0,0,3,33,-41,-25,-111
449881,6,431101,86400,-1,2,0,-22,91,33,-41
412649,6,445128,86400,1,4,3,1,-165,-25,-111
416601,6,428519,86400,2,5,1,22,156,-29,-13
442269,6,431101,86400,1,1,0,-29,-13,33,-41
410991,6,439264,86400,2,5,4,22,156,1,-165
423092,6,428519,86400,0,0,1,33,-41,-29,-13
443499,6,431101,86400,4,5,0,22,156,33,-41
416020,6,431101,86400,-1,3,0,-25,-111,33,-41
413476,6,439264,86400,-1,1,4,-29,-13,1,-165
453491,6,440854,86400,3,3,5,-25,-111,22,156
455368,6,431101,86400,-1,0,0,33,-41,33,-41
418325,6,440854,86400,1,2,5,-22,91,22,156
452079,6,431101,86400,2,3,0,-25,-111,33,-41
438840,6,445128,86400,2,1,3,-29,-13,-25,-111
443545,6,439264,86400,2,0,4,33,-41,1,-165
436908,6,419458,86400,1,1,2,-29,-13,-22,91
451367,6,431101,86400,-1,5,0,22,156,33,-41
407786,6,440854,86400,3,1,5,-29,-13,22,156
434212,6,445128,86400,-1,2,3,-22,91,-25,-111
420719,6,428519,86400,5,4,1,1,-165,-29,-13
414359,6,445128,86400,4,4,3,1,-165,-25,-111
433658,6,428519,86400,2,3,1,-25,-111,-29,-13
423198,6,431101,86400,0,4,0,1,-165,33,-41
421243,6,440854,86400,1,4,5,1,-165,22,156
446886,6,439264,86400,5,3,4,-25,-111,1,-165
455591,6,431101,86400,-1,1,0,-29,-13,33,-41
413208,6,445128,86400,3,5,3,22,156,-25,-111
428442,6,428519,86400,-1,2,1,-22,91,-29,-13
412956,6,439264,86400,2,3,4,-25,-111,1,-165
438192,6,440854,86400,4,3,5,-25,-111,22,156
427248,6,445128,86400,-1,5,3,22,156,-25,-111
410943,6,439264,86400,0,2,4,-22,91,1,-165
406572,6,431101,86400,4,3,0,-25,-111,33,-41
447485,6,431101,86400,3,4,0,1,-165,33,-41
434553,6,439264,86400,-1,3,4,-25,-111,1,-165
410774,6,431101,86400,-1,3,0,-25,-111,33,-41
430946,6,431101,86400,2,4,0,1,-165,33,-41
456497,6,445128,86400,4,4,3,1,-165,-25,-111
453709,6,439264,86400,-1,5,4,22,156,1,-165
427638,6,419458,86400,0,1,2,-29,-13,-22,91
426194,6,428519,86400,6,5,1,22,156,-29,-13
449631,6,445128,86400,5,5,3,22,156,-25,-111
452463,6,431101,86400,6,2,0,-22,91,33,-41
413129,6,431101,86400,2,2,0,-22,91,33,-41
449313,6,440854,86400,2,4,5,1,-165,22,156
409455,6,431101,86400,-1,1,0,-29,-13,33,-41
407340,6,419458,86400,3,1,2,-29,-13,-22,91
410442,6,439264,86400,2,2,4,-22,91,1,-165
450714,6,431101,86400,-1,0,0,33,-41,33,-41
432417,6,419458,86400,5,0,2,33,-41,-22,91
434428,6,419458,86400,3,1,2,-29,-13,-22,91
411254,6,439264,86400,3,2,4,-22,91,1,-165
408700,6,439264,86400,-1,1,4,-29,-13,1,-165
435718,6,439264,86400,5,3,4,-25,-111,1,-165
415256,6,431101,86400,-1,4,0,1,-165,33,-41
440619,6,419458,86400,0,4,2,1,-165,-22,91
456561,6,428519,86400,5,0,1,33,-41,-29,-13
443597,6,431101,86400,4,1,0,-29,-13,33,-41
425653,6,440854,86400,3,3,5,-25,-111,22,156
421894,6,440854,86400,3,1,5,-29,-13,22,156
415726,6,439264,86400,-1,1,4,-29,-13,1,-165
428133,6,428519,86400,5,4,1,1,-165,-29,-13
419722,6,439264,86400,-1,5,4,22,156,1,-165
428378,6,431101,86400,3,1,0,-29,-13,33,-41
429623,6,445128,86400,1,5,3,22,156,-25,-111
433291,6,428519,86400,-1,3,1,-25,-111,-29,-13
452042,6,419458,86400,0,4,2,1,-165,-22,91
454925,6,431101,86400,-1,0,0,33,-41,33,-41
410506,6,431101,86400,-1,4,0,1,-165,33,-41
411025,6,428519,86400,1,4,1,1,-165,-29,-13
448442,6,419458,86400,2,0,2,33,-41,-22,91
426590,6,419458,86400,2,1,2,-29,-13,-22,91
455799,6,445128,86400,1,2,3,-22,91,-25,-111
427600,6,440854,86400,-1,0,5,33,-41,22,156
453345,6,431101,86400,-1,5,0,22,156,33,-41
444380,6,431101,86400,8,1,0,-29,-13,33,-41
433299,6,445128,86400,2,2,3,-22,91,-25,-111
453285,6,439264,86400,0,5,4,22,156,1,-165
449160,6,445128,86400,3,4,3,1,-165,-25,-111
431384,6,440854,86400,0,4,5,1,-165,22,156
412246,6,440854,86400,4,0,5,33,-41,22,156
443629,6,445128,86400,3,1,3,-29,-13,-25,-111
411885,6,431101,86400,3,4,0,1,-165,33,-41
413855,6,431101,86400,-1,0,0,33,-41,33,-41
444371,6,431101,86400,4,4,0,1,-165,33,-41
427289,6,428519,86400,2,5,1,22,156,-29,-13
452835,6,431101,86400,3,1,0,-29,-13,33,-41
420288,6,431101,86400,1,4,0,1,-165,33,-41
444623,6,428519,86400,1,5,1,22,156,-29,-13
424220,6,440854,86400,0,3,5,-25,-111,22,156
447760,6,428519,86400,-1,3,1,-25,-111,-29,-13
419271,6,431101,86400,-1,0,0,33,-41,33,-41
434086,6,419458,86400,-1,3,2,-25,-111,-22,91
423531,6,419458,86400,2,1,2,-29,-13,-22,91
432860,6,440854,86400,2,1,5,-29,-13,22,156
407317,6,439264,86400,-1,2,4,-22,91,1,-165
433873,6,419458,86400,1,5,2,22,156,-22,91
439935,6,419458,86400,5,4,2,1,-165,-22,91
408012,6,445128,86400,3,5,3,22,156,-25,-111
443216,6,440854,86400,5,3,5,-25,-111,22,156
425249,6,431101,86400,-1,0,0,33,-41,33,-41
444036,6,431101,86400,-1,0,0,33,-41,33,-41
433030,6,445128,86400,4,4,3,1,-165,-25,-111
450517,6,439264,86400,-1,0,4,33,-41,1,-165
450303,6,428519,86400,2,0,1,33,-41,-29,-13
422628,6,428519,86400,6,3,1,-25,-111,-29,-13
452469,6,419458,86400,5,0,2,33,-41,-22,91
440571,6,431101,86400,1,4,0,1,-165,33,-41
456454,6,440854,86400,5,4,5,1,-165,22,156
455097,6,439264,86400,-1,3,4,-25,-111,1,-165
434874,6,419458,86400,-1,3,2,-25,-111,-22,91
445662,6,439264,86400,5,1,4,-29,-13,1,-165
417535,6,428519,86400,4,3,1,-25,-111,-29,-13
409277,6,440854,86400,-1,1,5,-29,-13,22,156
423560,6,440854,86400,6,1,5,-29,-13,22,156
409325,6,439264,86400,-1,1,4,-29,-13,1,-165
423771,6,440854,86400,3,4,5,1,-165,22,156
435548,6,419458,86400,1,4,2,1,-165,-22,91
435551,6,439264,86400,-1,2,4,-22,91,1,-165
418667,6,445128,86400,-1,0,3,33,-41,-25,-111
443284,6,431101,86400,-1,0,0,33,-41,33,-41
434491,6,428519,86400,1,0,1,33,-41,-29,-13
420338,6,439264,86400,-1,3,4,-25,-111,1,-165
420307,6,431101,86400,-1,0,0,33,-41,33,-41
424786,6,445128,86400,3,1,3,-29,-13,-25,-111
427270,6,445128,86400,6,2,3,-22,91,-25,-111
443411,6,419458,86400,-1,4,2,1,-165,-22,91
442868,6,445128,86400,-1,2,3,-22,91,-25,-111
429118,6,428519,86400,1,4,1,1,-165,-29,-13
414085,6,431101,86400,6,1,0,-29,-13,33,-41
444088,6,439264,86400,0,0,4,33,-41,1,-165
431991,6,439264,86400,4,2,4,-22,91,1,-165
449111,6,428519,86400,4,2,1,-22,91,-29,-13
433190,6,431101,86400,-1,5,0,22,156,33,-41
445728,6,440854,86400,4,4,5,1,-165,22,156
448764,6,431101,86400,2,0,0,33,-41,33,-41
443500,6,431101,86400,-1,0,0,33,-41,33,-41
455008,6,419458,86400,4,4,2,1,-165,-22,91
452259,6,431101,86400,-1,0,0,33,-41,33,-41
436430,6,439264,86400,5,0,4,33,-41,1,-165
434225,6,428519,86400,6,4,1,1,-165,-29,-13
412645,6,428519,86400,3,5,1,22,156,-29,-13
407440,6,431101,86400,-1,3,0,-25,-111,33,-41
456131,6,431101,86400,0,4,0,1,-165,33,-41
441739,6,428519,86400,-1,5,1,22,156,-29,-13
451641,6,419458,86400,2,1,2,-29,-13,-22,91
408295,6,419458,86400,-1,4,2,1,-165,-22,91
440671,6,419458,86400,3,5,2,22,156,-22,91
415728,6,445128,86400,-1,2,3,-22,91,-25,-111
413321,6,440854,86400,5,2,5,-22,91,22,156
409185,6,440854,86400,0,2,5,-22,91,22,156
438588,6,419458,86400,-1,1,2,-29,-13,-22,91
407197,6,431101,86400,-1,0,0,33,-41,33,-41
453110,6,428519,86400,4,5,1,22,156,-29,-13
425089,6,439264,86400,-1,0,4,33,-41,1,-165
441236,6,419458,86400,3,1,2,-29,-13,-22,91
435680,6,419458,86400,-1,4,2,1,-165,-22,91
432696,6,440854,86400,4,3,5,-25,-111,22,156
438159,6,440854,86400,0,0,5,33,-41,22,156
408090,6,431101,86400,6,4,0,1,-165,33,-41
449093,6,419458,86400,-1,5,2,22,156,-22,91
413029,6,419458,86400,1,5,2,22,156,-22,91
422339,6,428519,86400,3,5,1,22,156,-29,-13
425162,6,445128,86400,4,1,3,-29,-13,-25,-111
433944,6,439264,86400,1,3,4,-25,-111,1,-165
445096,6,439264,86400,4,5,4,22,156,1,-165
430799,6,431101,86400,4,4,0,1,-165,33,-41
448912,6,428519,86400,6,2,1,-22,91,-29,-13
426880,6,439264,86400,-1,3,4,-25,-111,1,-165
408036,6,439264,86400,-1,3,4,-25,-111,1,-165
406612,6,431101,86400,3,1,0,-29,-13,33,-41
453715,6,428519,86400,-1,3,1,-25,-111,-29,-13
455590,6,439264,86400,1,5,4,22,156,1,-165
436427,6,445128,86400,2,0,3,33,-41,-25,-111
416251,6,445128,86400,-1,1,3,-29,-13,-25,-111
430873,6,419458,86400,2,5,2,22,156,-22,91
441049,6,445128,86400,1,4,3,1,-165,-25,-111
445179,6,439264,86400,5,1,4,-29,-13,1,-165
433855,6,428519,86400,1,3,1,-25,-111,-29,-13
453556,6,431101,86400,-1,2,0,-22,91,33,-41
423494,6,440854,86400,8,2,5,-22,91,22,156
452118,6,439264,86400,-1,3,4,-25,-111,1,-165
414443,6,431101,86400,-1,0,0,33,-41,33,-41
454430,6,440854,86400,3,4,5,1,-165,22,156
415352,6,445128,86400,1,2,3,-22,91,-25,-111
441701,6,445128,86400,4,0,3,33,-41,-25,-111
451269,6,431101,86400,5,2,0,-22,91,33,-41
437702,6,428519,86400,0,3,1,-25,-111,-29,-13
424221,6,419458,86400,2,4,2,1,-165,-22,91
409930,6,431101,86400,-1,4,0,1,-165,33,-41
414574,6,431101,86400,-1,0,0,33,-41,33,-41
447133,6,431101,86400,-1,0,0,33,-41,33,-41
436533,6,440854,86400,0,2,5,-22,91,22,156
442207,6,419458,86400,2,3,2,-25,-111,-22,91
440563,6,439264,86400,0,3,4,-25,-111,1,-165
446928,6,445128,86400,2,2,3,-22,91,-25,-111
448769,6,419458,86400,1,4,2,1,-165,-22,91
454040,6,419458,86400,2,5,2,22,156,-22,91
442206,6,439264,86400,-1,0,4,33,-41,1,-165
448710,6,428519,86400,3,3,1,-25,-111,-29,-13
438642,6,439264,86400,-1,5,4,22,156,1,-165
448737,6,431101,86400,-1,5,0,22,156,33,-41
418800,6,439264,86400,3,3,4,-25,-111,1,-165
418027,6,419458,86400,1,4,2,1,-165,-22,91
455957,6,431101,86400,1,4,0,1,-165,33,-41
419732,6,431101,86400,-1,0,0,33,-41,33,-41
424725,6,431101,86400,3,1,0,-29,-13,33,-41
447150,6,439264,86400,-1,3,4,-25,-111,1,-165
414165,6,431101,86400,-1,1,0,-29,-13,33,-41
443991,6,419458,86400,-1,5,2,22,156,-22,91
415000,6,419458,86400,5,0,2,33,-41,-22,91
419351,6,428519,86400,-1,2,1,-22,91,-29,-13
426412,6,431101,86400,5,1,0,-29,-13,33,-41
432448,6,431101,86400,-1,3,0,-25,-111,33,-41
435864,6,439264,86400,-1,5,4,22,156,1,-165
449027,6,431101,86400,1,3,0,-25,-111,33,-41
456290,6,440854,86400,2,1,5,-29,-13,22,156
433747,6,439264,86400,4,0,4,33,-41,1,-165
423288,6,428519,86400,4,3,1,-25,-111,-29,-13
443097,6,428519,86400,-1,4,1,1,-165,-29,-13
423934,6,431101,86400,-1,4,0,1,-165,33,-41
411336,6,439264,86400,4,0,4,33,-41,1,-165
412844,6,440854,86400,0,4,5,1,-165,22,156
436411,6,431101,86400,4,2,0,-22,91,33,-41
409416,6,431101,86400,-1,0,0,33,-41,33,-41
441334,6,431101,86400,4,4,0,1,-165,33,-41
428718,6,445128,86400,-1,1,3,-29,-13,-25,-111
407762,6,431101,86400,3,3,0,-25,-111,33,-41
421577,6,445128,86400,5,5,3,22,156,-25,-111
439330,6,428519,86400,5,5,1,22,156,-29,-13
446442,6,431101,86400,-1,4,0,1,-165,33,-41
407436,6,419458,86400,5,5,2,22,156,-22,91
441107,6,419458,86400,1,3,2,-25,-111,-22,91
420496,6,419458,86400,2,1,2,-29,-13,-22,91
447603,6,431101,86400,-1,0,0,33,-41,33,-41
422923,6,428519,86400,3,4,1,1,-165,-29,-13
421191,6,445128,86400,0,2,3,-22,91,-25,-111
454971,6,439264,86400,0,0,4,33,-41,1,-165
430492,6,445128,86400,2,2,3,-22,91,-25,-111
415928,6,431101,86400,-1,0,0,33,-41,33,-41
411261,6,445128,86400,1,1,3,-29,-13,-25,-111
427309,6,445128,86400,4,1,3,-29,-13,-25,-111
413677,6,419458,86400,2,5,2,22,156,-22,91
425956,6,419458,86400,3,1,2,-29,-13,-22,91
420970,6,445128,86400,1,0,3,33,-41,-25,-111
455151,6,440854,86400,-1,0,5,33,-41,22,156
430943,6,419458,86400,0,3,2,-25,-111,-22,91
449974,6,431101,86400,-1,0,0,33,-41,33,-41
422040,6,428519,86400,5,0,1,33,-41,-29,-13
455096,6,431101,86400,-1,0,0,33,-41,33,-41
444190,6,428519,86400,-1,0,1,33,-41,-29,-13
414335,6,428519,86400,0,0,1,33,-41,-29,-13
411605,6,431101,86400,0,1,0,-29,-13,33,-41
444286,6,445128,86400,-1,4,3,1,-165,-25,-111
446858,6,439264,86400,-1,1,4,-29,-13,1,-165
449042,6,440854,86400,0,2,5,-22,91,22,156
409984,6,428519,86400,1,3,1,-25,-111,-29,-13
415968,6,419458,86400,3,4,2,1,-165,-22,91
456576,6,419458,86400,1,3,2,-25,-111,-22,91
426272,6,428519,86400,3,5,1,22,156,-29,-13
407651,6,419458,86400,-1,0,2,33,-41,-22,91
413508,6,440854,86400,5,1,5,-29,-13,22,156
428178,6,440854,86400,6,3,5,-25,-111,22,156
442086,6,445128,86400,4,1,3,-29,-13,-25,-111
456042,6,445128,86400,2,1,3,-29,-13,-25,-111
430372,6,431101,86400,-1,0,0,33,-41,33,-41
452160,6,439264,86400,3,0,4,33,-41,1,-165
412147,6,419458,86400,0,3,2,-25,-111,-22,91
420918,6,440854,86400,4,1,5,-29,-13,22,156
451212,6,419458,86400,4,5,2,22,156,-22,91
411488,6,440854,86400,-1,1,5,-29,-13,22,156
426940,6,428519,86400,-1,0,1,33,-41,-29,-13
441216,6,439264,86400,-1,0,4,33,-41,1,-165
420553,6,445128,86400,1,0,3,33,-41,-25,-111
424062,6,428519,172800,6,5,1,22,156,-29,-13
412488,6,440854,172800,5,1,5,-29,-13,22,156
426944,6,445128,172800,2,4,3,1,-165,-25,-111
456661,6,445128,172800,4,4,3,1,-165,-25,-111
438334,6,439264,172800,-1,1,4,-29,-13,1,-165
440717,6,419458,172800,5,5,2,22,156,-22,91
418398,6,428519,172800,3,5,1,22,156,-29,-13
452732,6,445128,172800,-1,4,3,1,-165,-25,-111
419072,6,439264,172800,5,5,4,22,156,1,-165
431983,6,431101,172800,1,1,0,-29,-13,33,-41
453577,6,439264,172800,-1,5,4,22,156,1,-165
425869,6,431101,172800,4,3,0,-25,-111,33,-41
437061,6,428519,172800,1,4,1,1,-165,-29,-13
424755,6,440854,172800,0,3,5,-25,-111,22,156
426796,6,431101,172800,2,4,0,1,-165,33,-41
427212,6,419458,172800,3,4,2,1,-165,-22,91
443253,6,439264,172800,4,3,4,-25,-111,1,-165
412197,6,419458,172800,2,1,2,-29,-13,-22,91
439461,6,440854,172800,0,4,5,1,-165,22,156
407231,6,419458,172800,0,3,2,-25,-111,-22,91
418698,6,419458,172800,3,1,2,-29,-13,-22,91
425129,6,440854,172800,4,4,5,1,-165,22,156
407310,6,419458,172800,4,4,2,1,-165,-22,91
431807,6,445128,172800,5,0,3,33,-41,-25,-111
412200,6,428519,172800,3,4,1,1,-165,-29,-13
411770,6,431101,172800,1,3,0,-25,-111,33,-41
411828,6,428519,172800,2,5,1,22,156,-29,-13
429386,6,445128,172800,-1,0,3,33,-41,-25,-111
436501,6,439264,172800,0,5,4,22,156,1,-165
429014,6,428519,172800,-1,4,1,1,-165,-29,-13
455700,6,419458,172800,3,0,2,33,-41,-22,91
414978,6,440854,172800,2,4,5,1,-165,22,156
449572,6,445128,172800,0,2,3,-22,91,-25,-111
430558,6,431101,172800,-1,0,0,33,-41,33,-41
433720,6,439264,172800,-1,5,4,22,156,1,-165
412299,6,419458,172800,2,5,2,22,156,-22,91
423683,6,440854,172800,-1,1,5,-29,-13,22,156
452200,6,431101,172800,-1,5,0,22,156,33,-41
452317,6,428519,172800,5,2,1,-22,91,-29,-13
418853,6,439264,172800,1,0,4,33,-41,1,-165
411629,6,428519,172800,4,4,1,1,-165,-29,-13
413870,6,431101,172800,2,5,0,22,156,33,-41
450013,6,431101,172800,-1,5,0,22,156,33,-41
415034,6,431101,172800,-1,2,0,-22,91,33,-41
407178,6,440854,172800,5,2,5,-22,91,22,156
416230,6,445128,172800,5,0,3,33,-41,-25,-111
431658,6,440854,172800,2,1,5,-29,-13,22,156
434868,6,445128,172800,0,4,3,1,-165,-25,-111
455466,6,431101,172800,3,2,0,-22,91,33,-41
414601,6,419458,172800,1,5,2,22,156,-22,91
420246,6,419458,172800,4,1,2,-29,-13,-22,91
444596,6,431101,172800,-1,0,0,33,-41,33,-41
436570,6,439264,172800,4,2,4,-22,91,1,-165
421330,6,419458,172800,2,4,2,1,-165,-22,91
452954,6,439264,172800,-1,5,4,22,156,1,-165
425871,6,428519,172800,0,2,1,-22,91,-29,-13
409851,6,428519,172800,0,4,1,1,-165,-29,-13
448726,6,419458,172800,2,1,2,-29,-13,-22,91
419010,6,439264,172800,4,5,4,22,156,1,-165
418312,6,431101,172800,1,4,0,1,-165,33,-41
429586,6,431101,172800,-1,4,0,1,-165,33,-41
448862,6,439264,172800,3,1,4,-29,-13,1,-165
434556,6,428519,172800,-1,5,1,22,156,-29,-13
453993,6,431101,172800,-1,1,0,-29,-13,33,-41
412474,6,431101,172800,-1,0,0,33,-41,33,-41
453820,6,440854,172800,2,3,5,-25,-111,22,156
448884,6,445128,172800,-1,5,3,22,156,-25,-111
434241,6,428519,172800,3,0,1,33,-41,-29,-13
430166,6,431101,172800,4,5,0,22,156,33,-41
415077,6,428519,172800,2,5,1,22,156,-29,-13
445035,6,431101,172800,2,1,0,-29,-13,33,-41
419189,6,439264,172800,-1,1,4,-29,-13,1,-165
445900,6,431101,172800,4,2,0,-22,91,33,-41
412532,6,439264,172800,-1,0,4,33,-41,1,-165
442127,6,431101,172800,-1,0,0,33,-41,33,-41
411307,6,440854,172800,2,2,5,-22,91,22,156
451962,6,428519,172800,0,3,1,-25,-111,-29,-13
455093,6,428519,172800,-1,4,1,1,-165,-29,-13
446368,6,428519,172800,2,4,1,1,-165,-29,-13
428864,6,428519,172800,4,4,1,1,-165,-29,-13
440049,6,445128,172800,0,5,3,22,156,-25,-111
414499,6,445128,172800,2,1,3,-29,-13,-25,-111
441920,6,431101,172800,-1,0,0,33,-41,33,-41
411293,6,440854,172800,0,1,5,-29,-13,22,156
422656,6,445128,172800,2,2,3,-22,91,-25,-111
413997,6,428519,172800,1,0,1,33,-41,-29,-13
425650,6,428519,172800,1,5,1,22,156,-29,-13
428531,6,419458,172800,0,1,2,-29,-13,-22,91
418550,6,428519,172800,1,5,1,22,156,-29,-13
409825,6,445128,172800,4,5,3,22,156,-25,-111
456124,6,445128,172800,3,2,3,-22,91,-25,-111
447443,6,419458,172800,-1,4,2,1,-165,-22,91
447393,6,440854,172800,2,2,5,-22,91,22,156
418994,6,428519,172800,5,4,1,1,-165,-29,-13
427994,6,445128,172800,0,4,3,1,-165,-25,-111
451181,6,428519,172800,4,3,1,-25,-111,-29,-13
445130,6,428519,172800,3,4,1,1,-165,-29,-13
436339,6,439264,172800,2,1,4,-29,-13,1,-165
442745,6,439264,172800,-1,0,4,33,-41,1,-165
411959,6,439264,172800,3,2,4,-22,91,1,-165
407411,6,431101,172800,-1,0,0,33,-41,33,-41
420630,6,439264,172800,3,0,4,33,-41,1,-165
447812,6,428519,172800,4,3,1,-25,-111,-29,-13
424315,6,431101,172800,-1,2,0,-22,91,33,-41
443710,6,440854,172800,4,2,5,-22,91,22,156
420294,6,431101,172800,2,4,0,1,-165,33,-41
446585,6,440854,172800,-1,3,5,-25,-111,22,156
434524,6,431101,172800,-1,1,0,-29,-13,33,-41
434772,6,431101,172800,-1,5,0,22,156,33,-41
407281,6,419458,172800,-1,1,2,-29,-13,-22,91
452787,6,419458,172800,0,4,2,1,-165,-22,91
446462,6,431101,172800,-1,5,0,22,156,33,-41
436732,6,431101,172800,-1,0,0,33,-41,33,-41
411474,6,439264,172800,-1,0,4,33,-41,1,-165
447039,6,428519,172800,-1,2,1,-22,91,-29,-13
439705,6,428519,172800,3,3,1,-25,-111,-29,-13
432807,6,440854,172800,-1,4,5,1,-165,22,156
421996,6,439264,172800,-1,1,4,-29,-13,1,-165
454126,6,431101,172800,2,4,0,1,-165,33,-41
437958,6,428519,172800,1,4,1,1,-165,-29,-13
414929,6,431101,172800,2,5,0,22,156,33,-41
439400,6,440854,172800,6,3,5,-25,-111,22,156
451211,6,431101,172800,-1,5,0,22,156,33,-41
413524,6,445128,172800,6,4,3,1,-165,-25,-111
420607,6,445128,172800,4,0,3,33,-41,-25,-111
418859,6,439264,172800,1,1,4,-29,-13,1,-165
420171,6,428519,172800,1,3,1,-25,-111,-29,-13
456652,6,431101,172800,0,3,0,-25,-111,33,-41
427938,6,431101,172800,-1,0,0,33,-41,33,-41
422559,6,431101,172800,3,2,0,-22,91,33,-41
447354,6,431101,172800,-1,0,0,33,-41,33,-41
444260,6,440854,172800,8,4,5,1,-165,22,156
422782,6,419458,172800,-1,0,2,33,-41,-22,91
443114,6,439264,172800,-1,2,4,-22,91,1,-165
416457,6,439264,172800,1,1,4,-29,-13,1,-165
422431,6,431101,172800,6,4,0,1,-165,33,-41
451812,6,439264,172800,5,0,4,33,-41,1,-165
417044,6,445128,172800,4,4,3,1,-165,-25,-111
429746,6,428519,172800,3,5,1,22,156,-29,-13
410648,6,431101,172800,5,5,0,22,156,33,-41
435092,6,431101,172800,-1,0,0,33,-41,33,-41
435321,6,431101,172800,-1,5,0,22,156,33,-41
416417,6,431101,172800,6,1,0,-29,-13,33,-41
431552,6,419458,172800,0,0,2,33,-41,-22,91
430984,6,419458,172800,1,3,2,-25,-111,-22,91
425899,6,445128,172800,6,2,3,-22,91,-25,-111
437117,6,440854,172800,2,4,5,1,-165,22,156
415064,6,431101,172800,-1,0,0,33,-41,33,-41
455356,6,431101,172800,-1,0,0,33,-41,33,-41
410555,6,439264,172800,-1,2,4,-22,91,1,-165
433721,6,431101,172800,-1,5,0,22,156,33,-41
427905,6,428519,172800,3,0,1,33,-41,-29,-13
430817,6,445128,172800,0,1,3,-29,-13,-25,-111
437945,6,431101,172800,0,4,0,1,-165,33,-41
424947,6,431101,172800,-1,5,0,22,156,33,-41
425951,6,431101,172800,0,3,0,-25,-111,33,-41
443837,6,431101,172800,-1,2,0,-22,91,33,-41
445725,6,440854,172800,1,3,5,-25,-111,22,156
451550,6,440854,172800,-1,4,5,1,-165,22,156
456235,6,431101,172800,-1,3,0,-25,-111,33,-41
412873,6,439264,172800,4,5,4,22,156,1,-165
431561,6,419458,172800,5,5,2,22,156,-22,91
450260,6,445128,172800,2,0,3,33,-41,-25,-111
407823,6,445128,172800,2,0,3,33,-41,-25,-111
413445,6,445128,172800,4,0,3,33,-41,-25,-111
456072,6,431101,172800,-1,4,0,1,-165,33,-41
433534,6,419458,172800,1,0,2,33,-41,-22,91
418520,6,431101,172800,-1,5,0,22,156,33,-41
419425,6,439264,172800,3,5,4,22,156,1,-165
452242,6,419458,172800,3,3,2,-25,-111,-22,91
435471,6,445128,172800,6,2,3,-22,91,-25,-111
451941,6,445128,172800,3,5,3,22,156,-25,-111
421744,6,431101,172800,-1,3,0,-25,-111,33,-41
452862,6,440854,172800,2,4,5,1,-165,22,156
446769,6,439264,172800,1,5,4,22,156,1,-165
413089,6,439264,172800,1,2,4,-22,91,1,-165
440203,6,428519,172800,4,4,1,1,-165,-29,-13
428667,6,445128,172800,3,0,3,33,-41,-25,-111
456228,6,439264,172800,-1,1,4,-29,-13,1,-165
433975,6,428519,172800,1,4,1,1,-165,-29,-13
452628,6,439264,172800,0,2,4,-22,91,1,-165
423124,6,428519,172800,1,4,1,1,-165,-29,-13
407208,6,419458,172800,-1,4,2,1,-165,-22,91
413625,6,431101,172800,5,2,0,-22,91,33,-41
438127,6,439264,172800,-1,3,4,-25,-111,1,-165
431483,6,440854,172800,-1,3,5,-25,-111,22,156
427813,6,428519,172800,-1,2,1,-22,91,-29,-13
455337,6,439264,172800,4,1,4,-29,-13,1,-165
456403,6,439264,172800,-1,5,4,22,156,1,-165
410517,6,419458,172800,4,5,2,22,156,-22,91
440950,6,419458,172800,6,4,2,1,-165,-22,91
455947,6,439264,172800,-1,5,4,22,156,1,-165
428460,6,431101,172800,-1,2,0,-22,91,33,-41
453421,6,431101,172800,7,2,0,-22,91,33,-41
419094,6,445128,172800,4,0,3,33,-41,-25,-111
411042,6,431101,172800,-1,2,0,-22,91,33,-41
436495,6,419458,172800,2,0,2,33,-41,-22,91
430054,6,428519,172800,-1,0,1,33,-41,-29,-13
456390,6,431101,172800,1,0,0,33,-41,33,-41
419810,6,431101,172800,-1,1,0,-29,-13,33,-41
411411,6,428519,172800,2,3,1,-25,-111,-29,-13
429207,6,419458,172800,5,0,2,33,-41,-22,91
412358,6,439264,172800,3,1,4,-29,-13,1,-165
411708,6,431101,172800,-1,4,0,1,-165,33,-41
407319,6,431101,172800,-1,1,0,-29,-13,33,-41
451663,6,428519,172800,4,4,1,1,-165,-29,-13
438296,6,439264,172800,4,5,4,22,156,1,-165
409723,6,431101,172800,-1,0,0,33,-41,33,-41
454746,6,445128,172800,-1,1,3,-29,-13,-25,-111
418143,6,431101,172800,-1,4,0,1,-165,33,-41
433432,6,428519,172800,2,3,1,-25,-111,-29,-13
420280,6,445128,172800,2,4,3,1,-165,-25,-111
431203,6,439264,172800,4,2,4,-22,91,1,-165
427724,6,428519,172800,0,0,1,33,-41,-29,-13
427094,6,440854,172800,6,4,5,1,-165,22,156
455729,6,439264,172800,-1,1,4,-29,-13,1,-165
455113,6,440854,172800,-1,0,5,33,-41,22,156
421305,6,419458,172800,2,0,2,33,-41,-22,91
425892,6,431101,172800,3,3,0,-25,-111,33,-41
451277,6,419458,172800,-1,5,2,22,156,-22,91
450660,6,439264,172800,-1,1,4,-29,-13,1,-165
435966,6,445128,172800,3,1,3,-29,-13,-25,-111
414246,6,428519,172800,-1,5,1,22,156,-29,-13
450071,6,431101,172800,4,4,0,1,-165,33,-41
447441,6,439264,172800,2,0,4,33,-41,1,-165
416228,6,439264,172800,4,0,4,33,-41,1,-165
434324,6,419458,172800,6,1,2,-29,-13,-22,91
455185,6,431101,172800,-1,0,0,33,-41,33,-41
415669,6,445128,172800,1,0,3,33,-41,-25,-111
406975,6,445128,172800,0,2,3,-22,91,-25,-111
445043,6,445128,172800,1,0,3,33,-41,-25,-111
444239,6,440854,172800,3,4,5,1,-165,22,156
451085,6,431101,172800,3,1,0,-29,-13,33,-41
431012,6,431101,172800,5,4,0,1,-165,33,-41
407544,6,431101,172800,1,2,0,-22,91,33,-41
445909,6,440854,172800,2,4,5,1,-165,22,156
424987,6,431101,172800,-1,1,0,-29,-13,33,-41
440584,6,445128,172800,0,4,3,1,-165,-25,-111
438168,6,445128,172800,1,5,3,22,156,-25,-111
442661,6,428519,172800,-1,0,1,33,-41,-29,-13
410399,6,440854,172800,0,4,5,1,-165,22,156
407718,6,439264,172800,-1,2,4,-22,91,1,-165
456442,6,440854,172800,3,1,5,-29,-13,22,156
439680,6,428519,172800,0,0,1,33,-41,-29,-13
441143,6,440854,172800,-1,0,5,33,-41,22,156
410823,6,419458,172800,5,1,2,-29,-13,-22,91
417666,6,439264,172800,-1,1,4,-29,-13,1,-165
